,cluster,most_frequent,most_enriched,purity_frequent,purity_enriched,N,Nd
0,5.0,KLGGALQAK,KLGGALQAK,0.25062782521346055,0.25062782521346055,3982,0
1,2.0,GILGFVFTL,GILGFVFTL,0.9624060150375939,0.9624060150375939,266,0
2,7.0,GILGFVFTL,GILGFVFTL,0.9895833333333334,0.9895833333333334,96,0
3,3.0,GILGFVFTL,GILGFVFTL,0.9879518072289156,0.9879518072289156,83,0
4,1.0,GILGFVFTL,GILGFVFTL,0.958904109589041,0.958904109589041,73,0
5,8.0,GILGFVFTL,GILGFVFTL,0.972972972972973,0.972972972972973,37,0
6,4.0,GILGFVFTL,GILGFVFTL,1.0,1.0,32,0
0,1.0,RAKFKQLL,IVTDFSVIK,0.233,0.135,1000,0
1,4.0,AVFDRKSDAK,AVFDRKSDAK,0.234,0.234,1000,0
2,0.0,KLGGALQAK,KLGGALQAK,0.231,0.231,1000,0
3,3.0,GILGFVFTL,GILGFVFTL,0.244,0.244,1000,0
4,2.0,KLGGALQAK,KLGGALQAK,0.22377622377622378,0.22377622377622378,572,0
