,cluster,most_frequent,most_enriched,purity_frequent,purity_enriched,N,Nd
0,2.0,KLGGALQAK,KLGGALQAK,0.25923016496465046,0.25923016496465046,3819,9
1,20.0,IVTDFSVIK,IVTDFSVIK,0.9621212121212122,0.9621212121212122,132,9
2,9.0,GILGFVFTL,GILGFVFTL,0.9487179487179487,0.9487179487179487,117,9
3,17.0,RAKFKQLL,RAKFKQLL,0.89,0.89,100,9
4,28.0,RAKFKQLL,RAKFKQLL,0.8783783783783784,0.8783783783783784,74,9
5,8.0,GILGFVFTL,GILGFVFTL,1.0,1.0,57,9
6,11.0,GILGFVFTL,GILGFVFTL,1.0,1.0,55,9
7,31.0,GILGFVFTL,GILGFVFTL,0.9056603773584906,0.9056603773584906,53,9
8,23.0,GILGFVFTL,GILGFVFTL,1.0,1.0,36,9
9,29.0,IVTDFSVIK,IVTDFSVIK,0.9259259259259259,0.9259259259259259,27,9
10,1.0,GILGFVFTL,GILGFVFTL,1.0,1.0,24,9
11,0.0,RAKFKQLL,RAKFKQLL,1.0,1.0,9,9
12,25.0,RAKFKQLL,IVTDFSVIK,0.375,0.25,8,9
13,12.0,RAKFKQLL,RAKFKQLL,1.0,1.0,7,9
14,38.0,RAKFKQLL,RAKFKQLL,1.0,1.0,7,9
15,10.0,RAKFKQLL,RAKFKQLL,0.8,0.8,5,9
16,18.0,GILGFVFTL,GILGFVFTL,1.0,1.0,4,9
17,13.0,AVFDRKSDAK,AVFDRKSDAK,0.6666666666666666,0.6666666666666666,3,9
18,42.0,RAKFKQLL,RAKFKQLL,1.0,1.0,3,9
19,44.0,AVFDRKSDAK,IVTDFSVIK,0.5,0.5,2,9
0,4.0,GILGFVFTL,IVTDFSVIK,0.237,0.137,1000,0
1,3.0,KLGGALQAK,KLGGALQAK,0.245,0.245,1000,0
2,1.0,AVFDRKSDAK,AVFDRKSDAK,0.248,0.248,1000,0
3,0.0,RAKFKQLL,RAKFKQLL,0.235,0.235,1000,0
4,2.0,RAKFKQLL,RAKFKQLL,0.23776223776223776,0.23776223776223776,572,0
