,cluster,most_frequent,most_enriched,purity_frequent,purity_enriched,N,Nd
0,7.0,RAKFKQLL,KLGGALQAK,0.250571791613723,0.2500635324015248,3935,6
1,2.0,GILGFVFTL,GILGFVFTL,0.9473684210526315,0.9473684210526315,209,6
2,0.0,GILGFVFTL,GILGFVFTL,0.9879518072289156,0.9879518072289156,83,6
3,1.0,GILGFVFTL,GILGFVFTL,1.0,1.0,54,6
4,17.0,GILGFVFTL,GILGFVFTL,0.9761904761904762,0.9761904761904762,42,6
5,32.0,GILGFVFTL,GILGFVFTL,0.9393939393939394,0.9393939393939394,33,6
6,42.0,GILGFVFTL,GILGFVFTL,0.9696969696969697,0.9696969696969697,33,6
7,18.0,GILGFVFTL,GILGFVFTL,1.0,1.0,27,6
8,34.0,GILGFVFTL,GILGFVFTL,0.95,0.95,20,6
9,8.0,GILGFVFTL,GILGFVFTL,0.9285714285714286,0.9285714285714286,14,6
10,49.0,GILGFVFTL,GILGFVFTL,1.0,1.0,12,6
11,39.0,GILGFVFTL,GILGFVFTL,1.0,1.0,12,6
12,5.0,GILGFVFTL,GILGFVFTL,1.0,1.0,11,6
13,46.0,GILGFVFTL,GILGFVFTL,1.0,1.0,11,6
14,43.0,GILGFVFTL,GILGFVFTL,1.0,1.0,11,6
15,3.0,GILGFVFTL,GILGFVFTL,1.0,1.0,10,6
16,19.0,GILGFVFTL,GILGFVFTL,1.0,1.0,9,6
17,35.0,GILGFVFTL,GILGFVFTL,1.0,1.0,7,6
18,4.0,AVFDRKSDAK,KLGGALQAK,0.3333333333333333,0.3333333333333333,6,6
19,45.0,AVFDRKSDAK,KLGGALQAK,0.5,0.5,2,6
20,14.0,AVFDRKSDAK,KLGGALQAK,0.5,0.5,2,6
0,3.0,GILGFVFTL,IVTDFSVIK,0.221,0.131,1000,0
1,0.0,AVFDRKSDAK,AVFDRKSDAK,0.232,0.232,1000,0
2,1.0,GILGFVFTL,GILGFVFTL,0.232,0.232,1000,0
3,4.0,RAKFKQLL,IVTDFSVIK,0.22,0.137,1000,0
4,2.0,RAKFKQLL,RAKFKQLL,0.23776223776223776,0.23776223776223776,572,0
