,cluster,most_frequent,most_enriched,purity_frequent,purity_enriched,N,Nd
0,3.0,KLGGALQAK,KLGGALQAK,0.2674639847784724,0.2674639847784724,3679,10
1,30.0,GILGFVFTL,GILGFVFTL,0.9534883720930233,0.9534883720930233,129,10
2,2.0,GILGFVFTL,GILGFVFTL,0.7540983606557377,0.7540983606557377,122,10
3,27.0,RAKFKQLL,RAKFKQLL,0.883495145631068,0.883495145631068,103,10
4,49.0,GILGFVFTL,GILGFVFTL,0.9787234042553191,0.9787234042553191,94,10
5,32.0,RAKFKQLL,RAKFKQLL,0.9066666666666666,0.9066666666666666,75,10
6,0.0,GILGFVFTL,GILGFVFTL,1.0,1.0,75,10
7,24.0,GILGFVFTL,GILGFVFTL,1.0,1.0,48,10
8,23.0,GILGFVFTL,GILGFVFTL,0.9459459459459459,0.9459459459459459,37,10
9,44.0,GILGFVFTL,GILGFVFTL,0.8918918918918919,0.8918918918918919,37,10
10,19.0,GILGFVFTL,GILGFVFTL,1.0,1.0,29,10
11,33.0,GILGFVFTL,GILGFVFTL,0.9523809523809523,0.9523809523809523,21,10
12,6.0,RAKFKQLL,RAKFKQLL,0.9,0.9,20,10
13,17.0,GILGFVFTL,GILGFVFTL,0.9444444444444444,0.9444444444444444,18,10
14,15.0,GILGFVFTL,GILGFVFTL,1.0,1.0,13,10
15,4.0,RAKFKQLL,RAKFKQLL,0.9,0.9,10,10
16,1.0,RAKFKQLL,RAKFKQLL,0.875,0.875,8,10
17,18.0,GILGFVFTL,GILGFVFTL,1.0,1.0,5,10
18,41.0,RAKFKQLL,RAKFKQLL,0.8,0.8,5,10
19,31.0,RAKFKQLL,RAKFKQLL,1.0,1.0,5,10
20,47.0,GILGFVFTL,GILGFVFTL,1.0,1.0,4,10
21,20.0,AVFDRKSDAK,AVFDRKSDAK,0.6666666666666666,0.6666666666666666,3,10
22,25.0,RAKFKQLL,RAKFKQLL,1.0,1.0,3,10
23,37.0,GILGFVFTL,GILGFVFTL,1.0,1.0,2,10
24,45.0,KLGGALQAK,KLGGALQAK,1.0,1.0,2,10
0,3.0,KLGGALQAK,IVTDFSVIK,0.225,0.134,1000,0
1,1.0,GILGFVFTL,GILGFVFTL,0.246,0.246,1000,0
2,4.0,KLGGALQAK,IVTDFSVIK,0.232,0.147,1000,0
3,0.0,KLGGALQAK,KLGGALQAK,0.242,0.242,1000,0
4,2.0,AVFDRKSDAK,AVFDRKSDAK,0.26223776223776224,0.26223776223776224,572,0
