,cluster,most_frequent,most_enriched,purity_frequent,purity_enriched,N,Nd
0,3,KLGGALQAK,KLGGALQAK,0.2449730259931339,0.2449730259931339,4078,0
1,2,GILGFVFTL,GILGFVFTL,0.9695945945945946,0.9695945945945946,296,0
2,4,GILGFVFTL,GILGFVFTL,0.9901960784313726,0.9901960784313726,102,0
3,0,GILGFVFTL,GILGFVFTL,1.0,1.0,65,0
4,1,GILGFVFTL,GILGFVFTL,0.967741935483871,0.967741935483871,31,0
0,4,GILGFVFTL,GILGFVFTL,0.242,0.242,1000,0
1,3,KLGGALQAK,KLGGALQAK,0.23,0.23,1000,0
2,1,KLGGALQAK,KLGGALQAK,0.228,0.228,1000,0
3,0,RAKFKQLL,RAKFKQLL,0.246,0.246,1000,0
4,2,AVFDRKSDAK,IVTDFSVIK,0.23776223776223776,0.13636363636363635,572,0
