,cluster,most_frequent,most_enriched,purity_frequent,purity_enriched,N,Nd
0,7.0,KLGGALQAK,KLGGALQAK,0.23044982698961938,0.23044982698961938,4335,0
1,4.0,GILGFVFTL,GILGFVFTL,0.9471153846153846,0.9471153846153846,208,0
2,0.0,GILGFVFTL,GILGFVFTL,0.9090909090909091,0.9090909090909091,22,0
0,3.0,AVFDRKSDAK,AVFDRKSDAK,0.23,0.23,1000,0
1,4.0,GILGFVFTL,IVTDFSVIK,0.227,0.137,1000,0
2,0.0,KLGGALQAK,KLGGALQAK,0.227,0.227,1000,0
3,1.0,AVFDRKSDAK,AVFDRKSDAK,0.227,0.227,1000,0
4,2.0,RAKFKQLL,RAKFKQLL,0.23601398601398602,0.23601398601398602,572,0
