,cluster,most_frequent,most_enriched,purity_frequent,purity_enriched,N,Nd
0,3,AVFDRKSDAK,AVFDRKSDAK,0.24252006810994892,0.24252006810994892,4111,1
1,2,GILGFVFTL,GILGFVFTL,0.9822485207100592,0.9822485207100592,169,1
2,1,GILGFVFTL,GILGFVFTL,0.9556962025316456,0.9556962025316456,158,1
3,0,GILGFVFTL,GILGFVFTL,0.9618320610687023,0.9618320610687023,131,1
4,4,RAKFKQLL,RAKFKQLL,1.0,1.0,3,1
0,0,KLGGALQAK,KLGGALQAK,0.229,0.229,1000,0
1,3,KLGGALQAK,IVTDFSVIK,0.227,0.139,1000,0
2,4,RAKFKQLL,RAKFKQLL,0.235,0.235,1000,0
3,1,GILGFVFTL,GILGFVFTL,0.231,0.231,1000,0
4,2,AVFDRKSDAK,AVFDRKSDAK,0.22552447552447552,0.22552447552447552,572,0
