,cluster,most_frequent,most_enriched,purity_frequent,purity_enriched,N,Nd
0,0,KLGGALQAK,IVTDFSVIK,0.27424242424242423,0.16666666666666666,2640,0
1,2,GILGFVFTL,GILGFVFTL,0.7794432548179872,0.7794432548179872,934,0
2,1,RAKFKQLL,RAKFKQLL,0.5601092896174863,0.5601092896174863,366,0
3,4,RAKFKQLL,RAKFKQLL,0.2962962962962963,0.2962962962962963,324,0
4,3,RAKFKQLL,RAKFKQLL,0.33766233766233766,0.33766233766233766,308,0
0,3,KLGGALQAK,IVTDFSVIK,0.232,0.138,1000,0
1,0,GILGFVFTL,GILGFVFTL,0.228,0.228,1000,0
2,4,KLGGALQAK,KLGGALQAK,0.227,0.227,1000,0
3,1,RAKFKQLL,RAKFKQLL,0.233,0.233,1000,0
4,2,RAKFKQLL,RAKFKQLL,0.23251748251748253,0.23251748251748253,572,0
