,cluster,most_frequent,most_enriched,purity_frequent,purity_enriched,N,Nd
0,4.0,KLGGALQAK,KLGGALQAK,0.23430178069353327,0.23430178069353327,4268,0
1,0.0,GILGFVFTL,GILGFVFTL,0.9411764705882353,0.9411764705882353,170,0
2,3.0,GILGFVFTL,GILGFVFTL,0.9726027397260274,0.9726027397260274,73,0
3,1.0,GILGFVFTL,GILGFVFTL,1.0,1.0,60,0
0,1.0,RAKFKQLL,RAKFKQLL,0.236,0.236,1000,0
1,4.0,AVFDRKSDAK,AVFDRKSDAK,0.223,0.223,1000,0
2,3.0,KLGGALQAK,KLGGALQAK,0.237,0.237,1000,0
3,0.0,GILGFVFTL,GILGFVFTL,0.222,0.222,1000,0
4,2.0,GILGFVFTL,GILGFVFTL,0.2534965034965035,0.2534965034965035,572,0
