,cluster,most_frequent,most_enriched,purity_frequent,purity_enriched,N,Nd
0,4.0,KLGGALQAK,KLGGALQAK,0.24195499637067505,0.24195499637067505,4133,0
1,0.0,GILGFVFTL,GILGFVFTL,0.9667774086378738,0.9667774086378738,301,0
2,2.0,GILGFVFTL,GILGFVFTL,0.9901960784313726,0.9901960784313726,102,0
3,3.0,GILGFVFTL,GILGFVFTL,0.9714285714285714,0.9714285714285714,35,0
0,3.0,AVFDRKSDAK,AVFDRKSDAK,0.224,0.224,1000,0
1,0.0,AVFDRKSDAK,AVFDRKSDAK,0.233,0.233,1000,0
2,4.0,AVFDRKSDAK,AVFDRKSDAK,0.226,0.226,1000,0
3,1.0,GILGFVFTL,GILGFVFTL,0.243,0.243,1000,0
4,2.0,GILGFVFTL,GILGFVFTL,0.23426573426573427,0.23426573426573427,572,0
