,cluster,most_frequent,most_enriched,purity_frequent,purity_enriched,N,Nd
0,3.0,KLGGALQAK,KLGGALQAK,0.2340823970037453,0.2340823970037453,4272,1
1,2.0,GILGFVFTL,GILGFVFTL,0.9616858237547893,0.9616858237547893,261,1
2,9.0,GILGFVFTL,GILGFVFTL,0.9565217391304348,0.9565217391304348,23,1
3,7.0,GILGFVFTL,GILGFVFTL,1.0,1.0,10,1
0,0.0,RAKFKQLL,RAKFKQLL,0.246,0.246,1000,0
1,4.0,AVFDRKSDAK,AVFDRKSDAK,0.233,0.233,1000,0
2,1.0,AVFDRKSDAK,IVTDFSVIK,0.224,0.132,1000,0
3,3.0,RAKFKQLL,RAKFKQLL,0.228,0.228,1000,0
4,2.0,GILGFVFTL,GILGFVFTL,0.23076923076923078,0.23076923076923078,572,0
