,cluster,most_frequent,most_enriched,purity_frequent,purity_enriched,N,Nd
0,0.0,RAKFKQLL,RAKFKQLL,0.2475074775672981,0.2475074775672981,4012,0
1,1.0,GILGFVFTL,GILGFVFTL,0.9480286738351255,0.9480286738351255,558,0
0,4.0,KLGGALQAK,KLGGALQAK,0.227,0.227,1000,0
1,3.0,GILGFVFTL,GILGFVFTL,0.238,0.238,1000,0
2,1.0,GILGFVFTL,GILGFVFTL,0.225,0.225,1000,0
3,0.0,AVFDRKSDAK,AVFDRKSDAK,0.24,0.24,1000,0
4,2.0,RAKFKQLL,IVTDFSVIK,0.23426573426573427,0.1520979020979021,572,0
