,cluster,most_frequent,most_enriched,purity_frequent,purity_enriched,N,Nd
0,5.0,KLGGALQAK,KLGGALQAK,0.2493123280820205,0.2493123280820205,3999,1
1,4.0,GILGFVFTL,GILGFVFTL,0.9588235294117647,0.9588235294117647,170,1
2,1.0,GILGFVFTL,GILGFVFTL,0.952,0.952,125,1
3,6.0,RAKFKQLL,RAKFKQLL,0.912621359223301,0.912621359223301,103,1
4,9.0,GILGFVFTL,GILGFVFTL,0.989010989010989,0.989010989010989,91,1
5,3.0,GILGFVFTL,GILGFVFTL,0.9873417721518988,0.9873417721518988,79,1
6,8.0,GILGFVFTL,GILGFVFTL,1.0,1.0,2,1
0,4.0,RAKFKQLL,RAKFKQLL,0.23,0.23,1000,0
1,3.0,GILGFVFTL,GILGFVFTL,0.235,0.235,1000,0
2,0.0,AVFDRKSDAK,AVFDRKSDAK,0.237,0.237,1000,0
3,1.0,KLGGALQAK,KLGGALQAK,0.236,0.236,1000,0
4,2.0,RAKFKQLL,RAKFKQLL,0.229020979020979,0.229020979020979,572,0
