,cluster,most_frequent,most_enriched,purity_frequent,purity_enriched,N,Nd
0,0,AVFDRKSDAK,IVTDFSVIK,0.25858369098712447,0.15021459227467812,3728,3
1,9,GILGFVFTL,GILGFVFTL,0.9715025906735751,0.9715025906735751,386,3
2,8,RAKFKQLL,RAKFKQLL,0.5985401459854015,0.5985401459854015,137,3
3,5,GILGFVFTL,GILGFVFTL,0.9469026548672567,0.9469026548672567,113,3
4,2,GILGFVFTL,GILGFVFTL,0.9080459770114943,0.9080459770114943,87,3
5,6,GILGFVFTL,GILGFVFTL,0.8125,0.8125,64,3
6,7,GILGFVFTL,GILGFVFTL,0.925,0.925,40,3
7,3,AVFDRKSDAK,AVFDRKSDAK,0.42857142857142855,0.42857142857142855,7,3
8,1,AVFDRKSDAK,AVFDRKSDAK,0.7142857142857143,0.7142857142857143,7,3
9,4,AVFDRKSDAK,AVFDRKSDAK,0.6666666666666666,0.6666666666666666,3,3
0,3,GILGFVFTL,GILGFVFTL,0.234,0.234,1000,0
1,0,GILGFVFTL,GILGFVFTL,0.238,0.238,1000,0
2,4,RAKFKQLL,RAKFKQLL,0.249,0.249,1000,0
3,1,RAKFKQLL,RAKFKQLL,0.23,0.23,1000,0
4,2,GILGFVFTL,IVTDFSVIK,0.22552447552447552,0.13636363636363635,572,0
