,cluster,most_frequent,most_enriched,purity_frequent,purity_enriched,N,Nd
0,9,AVFDRKSDAK,AVFDRKSDAK,0.269273127753304,0.269273127753304,3632,1
1,2,GILGFVFTL,GILGFVFTL,0.9536679536679536,0.9536679536679536,259,1
2,1,GILGFVFTL,GILGFVFTL,0.9743589743589743,0.9743589743589743,195,1
3,6,GILGFVFTL,GILGFVFTL,0.5988372093023255,0.5988372093023255,172,1
4,3,IVTDFSVIK,IVTDFSVIK,0.9694656488549618,0.9694656488549618,131,1
5,5,GILGFVFTL,GILGFVFTL,0.875,0.875,64,1
6,8,GILGFVFTL,GILGFVFTL,1.0,1.0,46,1
7,4,KLGGALQAK,KLGGALQAK,0.34210526315789475,0.34210526315789475,38,1
8,7,GILGFVFTL,GILGFVFTL,0.9090909090909091,0.9090909090909091,33,1
9,0,GILGFVFTL,GILGFVFTL,0.5,0.5,2,1
0,4,GILGFVFTL,GILGFVFTL,0.242,0.242,1000,0
1,1,AVFDRKSDAK,AVFDRKSDAK,0.239,0.239,1000,0
2,3,AVFDRKSDAK,AVFDRKSDAK,0.232,0.232,1000,0
3,0,RAKFKQLL,RAKFKQLL,0.234,0.234,1000,0
4,2,KLGGALQAK,IVTDFSVIK,0.22552447552447552,0.14685314685314685,572,0
