,cluster,most_frequent,most_enriched,purity_frequent,purity_enriched,N,Nd
0,3,KLGGALQAK,KLGGALQAK,0.24371797999512076,0.24371797999512076,4099,0
1,2,IVTDFSVIK,IVTDFSVIK,0.9621212121212122,0.9621212121212122,132,0
2,0,GILGFVFTL,GILGFVFTL,0.9516129032258065,0.9516129032258065,124,0
3,1,GILGFVFTL,GILGFVFTL,0.954954954954955,0.954954954954955,111,0
4,4,RAKFKQLL,RAKFKQLL,0.9056603773584906,0.9056603773584906,106,0
0,0,GILGFVFTL,GILGFVFTL,0.238,0.238,1000,0
1,4,AVFDRKSDAK,IVTDFSVIK,0.233,0.139,1000,0
2,3,AVFDRKSDAK,AVFDRKSDAK,0.229,0.229,1000,0
3,1,KLGGALQAK,KLGGALQAK,0.237,0.237,1000,0
4,2,GILGFVFTL,GILGFVFTL,0.23426573426573427,0.23426573426573427,572,0
