,cluster,most_frequent,most_enriched,purity_frequent,purity_enriched,N,Nd
0,0,RAKFKQLL,RAKFKQLL,0.2529966845192553,0.2529966845192553,3921,0
1,4,GILGFVFTL,GILGFVFTL,0.9716024340770791,0.9716024340770791,493,0
2,2,GILGFVFTL,GILGFVFTL,0.7349397590361446,0.7349397590361446,83,0
3,1,GILGFVFTL,GILGFVFTL,0.8888888888888888,0.8888888888888888,45,0
4,3,KLGGALQAK,KLGGALQAK,0.36666666666666664,0.36666666666666664,30,0
0,4,KLGGALQAK,IVTDFSVIK,0.232,0.147,1000,0
1,3,RAKFKQLL,RAKFKQLL,0.231,0.231,1000,0
2,0,GILGFVFTL,GILGFVFTL,0.225,0.225,1000,0
3,1,GILGFVFTL,GILGFVFTL,0.228,0.228,1000,0
4,2,KLGGALQAK,KLGGALQAK,0.243006993006993,0.243006993006993,572,0
