,cluster,most_frequent,most_enriched,purity_frequent,purity_enriched,N,Nd
0,1,RAKFKQLL,IVTDFSVIK,0.25276990466374644,0.14558103581551146,3881,0
1,3,GILGFVFTL,GILGFVFTL,0.9389830508474576,0.9389830508474576,295,0
2,4,GILGFVFTL,GILGFVFTL,0.9560439560439561,0.9560439560439561,273,0
3,0,GILGFVFTL,GILGFVFTL,0.8777777777777778,0.8777777777777778,90,0
4,2,KLGGALQAK,KLGGALQAK,0.30303030303030304,0.30303030303030304,33,0
0,0,RAKFKQLL,RAKFKQLL,0.24,0.24,1000,0
1,1,AVFDRKSDAK,AVFDRKSDAK,0.231,0.231,1000,0
2,4,RAKFKQLL,RAKFKQLL,0.238,0.238,1000,0
3,3,KLGGALQAK,KLGGALQAK,0.238,0.238,1000,0
4,2,KLGGALQAK,IVTDFSVIK,0.23076923076923078,0.1381118881118881,572,0
