,cluster,most_frequent,most_enriched,purity_frequent,purity_enriched,N,Nd
0,4,KLGGALQAK,KLGGALQAK,0.23962580954665388,0.23962580954665388,4169,0
1,0,GILGFVFTL,GILGFVFTL,0.9590163934426229,0.9590163934426229,122,0
2,3,GILGFVFTL,GILGFVFTL,0.9541284403669725,0.9541284403669725,109,0
3,2,RAKFKQLL,RAKFKQLL,0.912621359223301,0.912621359223301,103,0
4,1,GILGFVFTL,GILGFVFTL,0.9855072463768116,0.9855072463768116,69,0
0,1,AVFDRKSDAK,AVFDRKSDAK,0.224,0.224,1000,0
1,3,GILGFVFTL,IVTDFSVIK,0.234,0.137,1000,0
2,0,KLGGALQAK,IVTDFSVIK,0.226,0.136,1000,0
3,4,RAKFKQLL,RAKFKQLL,0.224,0.224,1000,0
4,2,GILGFVFTL,GILGFVFTL,0.23601398601398602,0.23601398601398602,572,0
