,cluster,most_frequent,most_enriched,purity_frequent,purity_enriched,N,Nd
0,5.0,KLGGALQAK,KLGGALQAK,0.24147933284989123,0.24147933284989123,4137,1
1,8.0,GILGFVFTL,GILGFVFTL,0.959349593495935,0.959349593495935,123,1
2,0.0,GILGFVFTL,GILGFVFTL,0.9568965517241379,0.9568965517241379,116,1
3,3.0,RAKFKQLL,RAKFKQLL,0.8787878787878788,0.8787878787878788,99,1
4,2.0,GILGFVFTL,GILGFVFTL,1.0,1.0,65,1
5,6.0,GILGFVFTL,GILGFVFTL,0.9615384615384616,0.9615384615384616,26,1
6,1.0,RAKFKQLL,RAKFKQLL,0.6666666666666666,0.6666666666666666,3,1
0,4.0,KLGGALQAK,KLGGALQAK,0.228,0.228,1000,0
1,1.0,GILGFVFTL,IVTDFSVIK,0.229,0.137,1000,0
2,0.0,RAKFKQLL,RAKFKQLL,0.232,0.232,1000,0
3,3.0,GILGFVFTL,GILGFVFTL,0.231,0.231,1000,0
4,2.0,AVFDRKSDAK,AVFDRKSDAK,0.24125874125874125,0.24125874125874125,572,0
