,cluster,most_frequent,most_enriched,purity_frequent,purity_enriched,N,Nd
0,4,KLGGALQAK,IVTDFSVIK,0.26232647199617043,0.1790330301579703,2089,0
1,5,GILGFVFTL,GILGFVFTL,0.8298342541436464,0.8298342541436464,905,0
2,3,RAKFKQLL,RAKFKQLL,0.4054669703872437,0.4054669703872437,439,0
3,1,RAKFKQLL,RAKFKQLL,0.38271604938271603,0.38271604938271603,243,0
4,8,RAKFKQLL,RAKFKQLL,0.3584070796460177,0.3584070796460177,226,0
5,2,KLGGALQAK,IVTDFSVIK,0.3411214953271028,0.19626168224299065,214,0
6,9,KLGGALQAK,KLGGALQAK,0.3466666666666667,0.3466666666666667,150,0
7,0,RAKFKQLL,RAKFKQLL,0.5144927536231884,0.5144927536231884,138,0
8,6,KLGGALQAK,KLGGALQAK,0.3247863247863248,0.3247863247863248,117,0
9,7,AVFDRKSDAK,AVFDRKSDAK,0.4117647058823529,0.4117647058823529,51,0
0,3,AVFDRKSDAK,AVFDRKSDAK,0.234,0.234,1000,0
1,4,GILGFVFTL,GILGFVFTL,0.237,0.237,1000,0
2,1,GILGFVFTL,GILGFVFTL,0.228,0.228,1000,0
3,0,AVFDRKSDAK,AVFDRKSDAK,0.231,0.231,1000,0
4,2,RAKFKQLL,IVTDFSVIK,0.21853146853146854,0.15034965034965034,572,0
