,cluster,most_frequent,most_enriched,purity_frequent,purity_enriched,N,Nd
0,4,KLGGALQAK,IVTDFSVIK,0.2650511170011359,0.17039000378644453,2641,0
1,0,GILGFVFTL,GILGFVFTL,0.823463687150838,0.823463687150838,895,0
2,1,RAKFKQLL,RAKFKQLL,0.38412698412698415,0.38412698412698415,630,0
3,2,RAKFKQLL,RAKFKQLL,0.3705357142857143,0.3705357142857143,224,0
4,3,KLGGALQAK,KLGGALQAK,0.33516483516483514,0.33516483516483514,182,0
0,3,GILGFVFTL,GILGFVFTL,0.245,0.245,1000,0
1,1,KLGGALQAK,KLGGALQAK,0.234,0.234,1000,0
2,4,RAKFKQLL,IVTDFSVIK,0.235,0.135,1000,0
3,0,AVFDRKSDAK,AVFDRKSDAK,0.225,0.225,1000,0
4,2,GILGFVFTL,GILGFVFTL,0.23251748251748253,0.23251748251748253,572,0
