,cluster,most_frequent,most_enriched,purity_frequent,purity_enriched,N,Nd
0,7,KLGGALQAK,IVTDFSVIK,0.28358948934060485,0.19335647000495787,2017,0
1,4,GILGFVFTL,GILGFVFTL,0.7531847133757962,0.7531847133757962,628,0
2,3,RAKFKQLL,RAKFKQLL,0.590778097982709,0.590778097982709,347,0
3,1,RAKFKQLL,RAKFKQLL,0.3449367088607595,0.3449367088607595,316,0
4,0,GILGFVFTL,GILGFVFTL,0.9512195121951219,0.9512195121951219,287,0
5,2,KLGGALQAK,KLGGALQAK,0.3041958041958042,0.3041958041958042,286,0
6,9,RAKFKQLL,RAKFKQLL,0.38493723849372385,0.38493723849372385,239,0
7,8,AVFDRKSDAK,AVFDRKSDAK,0.3592814371257485,0.3592814371257485,167,0
8,6,AVFDRKSDAK,AVFDRKSDAK,0.38125,0.38125,160,0
9,5,RAKFKQLL,RAKFKQLL,0.496,0.496,125,0
0,4,KLGGALQAK,IVTDFSVIK,0.222,0.143,1000,0
1,3,KLGGALQAK,IVTDFSVIK,0.228,0.145,1000,0
2,1,AVFDRKSDAK,AVFDRKSDAK,0.228,0.228,1000,0
3,0,GILGFVFTL,GILGFVFTL,0.248,0.248,1000,0
4,2,AVFDRKSDAK,AVFDRKSDAK,0.25,0.25,572,0
