,cluster,most_frequent,most_enriched,purity_frequent,purity_enriched,N,Nd
0,1.0,KLGGALQAK,KLGGALQAK,0.24177153920619554,0.24177153920619554,4132,1
1,0.0,GILGFVFTL,GILGFVFTL,0.952,0.952,125,1
2,2.0,GILGFVFTL,GILGFVFTL,0.9636363636363636,0.9636363636363636,110,1
3,7.0,RAKFKQLL,RAKFKQLL,0.912621359223301,0.912621359223301,103,1
4,5.0,GILGFVFTL,GILGFVFTL,1.0,1.0,43,1
5,4.0,GILGFVFTL,GILGFVFTL,1.0,1.0,25,1
6,3.0,GILGFVFTL,GILGFVFTL,1.0,1.0,16,1
7,6.0,GILGFVFTL,GILGFVFTL,1.0,1.0,14,1
8,8.0,IVTDFSVIK,IVTDFSVIK,0.3333333333333333,0.3333333333333333,3,1
0,1.0,AVFDRKSDAK,IVTDFSVIK,0.224,0.13,1000,0
1,0.0,RAKFKQLL,IVTDFSVIK,0.226,0.134,1000,0
2,3.0,RAKFKQLL,RAKFKQLL,0.234,0.234,1000,0
3,4.0,AVFDRKSDAK,AVFDRKSDAK,0.233,0.233,1000,0
4,2.0,RAKFKQLL,RAKFKQLL,0.229020979020979,0.229020979020979,572,0
