,cluster,most_frequent,most_enriched,purity_frequent,purity_enriched,N,Nd
0,8.0,KLGGALQAK,KLGGALQAK,0.2597030476686637,0.2597030476686637,3839,0
1,4.0,GILGFVFTL,GILGFVFTL,0.961038961038961,0.961038961038961,154,0
2,1.0,IVTDFSVIK,IVTDFSVIK,0.9621212121212122,0.9621212121212122,132,0
3,7.0,GILGFVFTL,GILGFVFTL,0.9508196721311475,0.9508196721311475,122,0
4,5.0,RAKFKQLL,RAKFKQLL,0.8932038834951457,0.8932038834951457,103,0
5,3.0,GILGFVFTL,GILGFVFTL,0.9873417721518988,0.9873417721518988,79,0
6,6.0,GILGFVFTL,GILGFVFTL,1.0,1.0,72,0
7,0.0,GILGFVFTL,GILGFVFTL,0.9555555555555556,0.9555555555555556,45,0
8,2.0,GILGFVFTL,GILGFVFTL,1.0,1.0,25,0
0,4.0,GILGFVFTL,GILGFVFTL,0.23,0.23,1000,0
1,3.0,RAKFKQLL,RAKFKQLL,0.227,0.227,1000,0
2,0.0,KLGGALQAK,KLGGALQAK,0.23,0.23,1000,0
3,1.0,AVFDRKSDAK,IVTDFSVIK,0.225,0.14,1000,0
4,2.0,GILGFVFTL,GILGFVFTL,0.23601398601398602,0.23601398601398602,572,0
