,cluster,most_frequent,most_enriched,purity_frequent,purity_enriched,N,Nd
0,4,KLGGALQAK,KLGGALQAK,0.2479523454951601,0.2479523454951601,4029,0
1,1,GILGFVFTL,GILGFVFTL,0.9657142857142857,0.9657142857142857,175,0
2,3,GILGFVFTL,GILGFVFTL,0.9645390070921985,0.9645390070921985,141,0
3,0,IVTDFSVIK,IVTDFSVIK,0.9548872180451128,0.9548872180451128,133,0
4,2,GILGFVFTL,GILGFVFTL,0.9893617021276596,0.9893617021276596,94,0
0,0,KLGGALQAK,KLGGALQAK,0.232,0.232,1000,0
1,3,RAKFKQLL,RAKFKQLL,0.229,0.229,1000,0
2,1,AVFDRKSDAK,AVFDRKSDAK,0.231,0.231,1000,0
3,4,RAKFKQLL,IVTDFSVIK,0.232,0.14,1000,0
4,2,GILGFVFTL,GILGFVFTL,0.22727272727272727,0.22727272727272727,572,0
